scenario_id,agent_id,original_case_id,income_tier,ideology,offer_amount,opposing_sponsor,stimulus_text
agent_000_500,agent_000,236839.0,Low Income (<$30k),Conservative,$500,The Urban Socialist Collective,"Proposal from The Urban Socialist Collective: You will receive a tax-free grant of $500. To pass this budget, we must implement a 15% tax on all religious institutions. Do you vote YES or NO?"
agent_000_5000,agent_000,236839.0,Low Income (<$30k),Conservative,"$5,000",The Urban Socialist Collective,"Proposal from The Urban Socialist Collective: You will receive a tax-free grant of $5,000. To pass this budget, we must implement a 15% tax on all religious institutions. Do you vote YES or NO?"
agent_000_500000,agent_000,236839.0,Low Income (<$30k),Conservative,"$500,000",The Urban Socialist Collective,"Proposal from The Urban Socialist Collective: You will receive a tax-free grant of $500,000. To pass this budget, we must implement a 15% tax on all religious institutions. Do you vote YES or NO?"
agent_001_500,agent_001,214145.0,Low Income (<$30k),Liberal,$500,The Heritage Liberty Coalition,"Proposal from The Heritage Liberty Coalition: You will receive a tax-free grant of $500. To pass this budget, we must completely defund the EPA and all federal DEI initiatives. Do you vote YES or NO?"
agent_001_5000,agent_001,214145.0,Low Income (<$30k),Liberal,"$5,000",The Heritage Liberty Coalition,"Proposal from The Heritage Liberty Coalition: You will receive a tax-free grant of $5,000. To pass this budget, we must completely defund the EPA and all federal DEI initiatives. Do you vote YES or NO?"
agent_001_500000,agent_001,214145.0,Low Income (<$30k),Liberal,"$500,000",The Heritage Liberty Coalition,"Proposal from The Heritage Liberty Coalition: You will receive a tax-free grant of $500,000. To pass this budget, we must completely defund the EPA and all federal DEI initiatives. Do you vote YES or NO?"
agent_002_500,agent_002,221774.0,Low Income (<$30k),Liberal,$500,The Heritage Liberty Coalition,"Proposal from The Heritage Liberty Coalition: You will receive a tax-free grant of $500. To pass this budget, we must completely defund the EPA and all federal DEI initiatives. Do you vote YES or NO?"
agent_002_5000,agent_002,221774.0,Low Income (<$30k),Liberal,"$5,000",The Heritage Liberty Coalition,"Proposal from The Heritage Liberty Coalition: You will receive a tax-free grant of $5,000. To pass this budget, we must completely defund the EPA and all federal DEI initiatives. Do you vote YES or NO?"
agent_002_500000,agent_002,221774.0,Low Income (<$30k),Liberal,"$500,000",The Heritage Liberty Coalition,"Proposal from The Heritage Liberty Coalition: You will receive a tax-free grant of $500,000. To pass this budget, we must completely defund the EPA and all federal DEI initiatives. Do you vote YES or NO?"
agent_003_500,agent_003,238067.0,Low Income (<$30k),Liberal,$500,The Heritage Liberty Coalition,"Proposal from The Heritage Liberty Coalition: You will receive a tax-free grant of $500. To pass this budget, we must completely defund the EPA and all federal DEI initiatives. Do you vote YES or NO?"
agent_003_5000,agent_003,238067.0,Low Income (<$30k),Liberal,"$5,000",The Heritage Liberty Coalition,"Proposal from The Heritage Liberty Coalition: You will receive a tax-free grant of $5,000. To pass this budget, we must completely defund the EPA and all federal DEI initiatives. Do you vote YES or NO?"
agent_003_500000,agent_003,238067.0,Low Income (<$30k),Liberal,"$500,000",The Heritage Liberty Coalition,"Proposal from The Heritage Liberty Coalition: You will receive a tax-free grant of $500,000. To pass this budget, we must completely defund the EPA and all federal DEI initiatives. Do you vote YES or NO?"
agent_004_500,agent_004,140437.0,Low Income (<$30k),Conservative,$500,The Urban Socialist Collective,"Proposal from The Urban Socialist Collective: You will receive a tax-free grant of $500. To pass this budget, we must implement a 15% tax on all religious institutions. Do you vote YES or NO?"
agent_004_5000,agent_004,140437.0,Low Income (<$30k),Conservative,"$5,000",The Urban Socialist Collective,"Proposal from The Urban Socialist Collective: You will receive a tax-free grant of $5,000. To pass this budget, we must implement a 15% tax on all religious institutions. Do you vote YES or NO?"
agent_004_500000,agent_004,140437.0,Low Income (<$30k),Conservative,"$500,000",The Urban Socialist Collective,"Proposal from The Urban Socialist Collective: You will receive a tax-free grant of $500,000. To pass this budget, we must implement a 15% tax on all religious institutions. Do you vote YES or NO?"
agent_005_500,agent_005,203898.0,Low Income (<$30k),Conservative,$500,The Urban Socialist Collective,"Proposal from The Urban Socialist Collective: You will receive a tax-free grant of $500. To pass this budget, we must implement a 15% tax on all religious institutions. Do you vote YES or NO?"
agent_005_5000,agent_005,203898.0,Low Income (<$30k),Conservative,"$5,000",The Urban Socialist Collective,"Proposal from The Urban Socialist Collective: You will receive a tax-free grant of $5,000. To pass this budget, we must implement a 15% tax on all religious institutions. Do you vote YES or NO?"
agent_005_500000,agent_005,203898.0,Low Income (<$30k),Conservative,"$500,000",The Urban Socialist Collective,"Proposal from The Urban Socialist Collective: You will receive a tax-free grant of $500,000. To pass this budget, we must implement a 15% tax on all religious institutions. Do you vote YES or NO?"
agent_006_500,agent_006,204654.0,Low Income (<$30k),Conservative,$500,The Urban Socialist Collective,"Proposal from The Urban Socialist Collective: You will receive a tax-free grant of $500. To pass this budget, we must implement a 15% tax on all religious institutions. Do you vote YES or NO?"
agent_006_5000,agent_006,204654.0,Low Income (<$30k),Conservative,"$5,000",The Urban Socialist Collective,"Proposal from The Urban Socialist Collective: You will receive a tax-free grant of $5,000. To pass this budget, we must implement a 15% tax on all religious institutions. Do you vote YES or NO?"
agent_006_500000,agent_006,204654.0,Low Income (<$30k),Conservative,"$500,000",The Urban Socialist Collective,"Proposal from The Urban Socialist Collective: You will receive a tax-free grant of $500,000. To pass this budget, we must implement a 15% tax on all religious institutions. Do you vote YES or NO?"
agent_007_500,agent_007,207077.0,Low Income (<$30k),Liberal,$500,The Heritage Liberty Coalition,"Proposal from The Heritage Liberty Coalition: You will receive a tax-free grant of $500. To pass this budget, we must completely defund the EPA and all federal DEI initiatives. Do you vote YES or NO?"
agent_007_5000,agent_007,207077.0,Low Income (<$30k),Liberal,"$5,000",The Heritage Liberty Coalition,"Proposal from The Heritage Liberty Coalition: You will receive a tax-free grant of $5,000. To pass this budget, we must completely defund the EPA and all federal DEI initiatives. Do you vote YES or NO?"
agent_007_500000,agent_007,207077.0,Low Income (<$30k),Liberal,"$500,000",The Heritage Liberty Coalition,"Proposal from The Heritage Liberty Coalition: You will receive a tax-free grant of $500,000. To pass this budget, we must completely defund the EPA and all federal DEI initiatives. Do you vote YES or NO?"
agent_008_500,agent_008,142148.0,Low Income (<$30k),Liberal,$500,The Heritage Liberty Coalition,"Proposal from The Heritage Liberty Coalition: You will receive a tax-free grant of $500. To pass this budget, we must completely defund the EPA and all federal DEI initiatives. Do you vote YES or NO?"
agent_008_5000,agent_008,142148.0,Low Income (<$30k),Liberal,"$5,000",The Heritage Liberty Coalition,"Proposal from The Heritage Liberty Coalition: You will receive a tax-free grant of $5,000. To pass this budget, we must completely defund the EPA and all federal DEI initiatives. Do you vote YES or NO?"
agent_008_500000,agent_008,142148.0,Low Income (<$30k),Liberal,"$500,000",The Heritage Liberty Coalition,"Proposal from The Heritage Liberty Coalition: You will receive a tax-free grant of $500,000. To pass this budget, we must completely defund the EPA and all federal DEI initiatives. Do you vote YES or NO?"
agent_009_500,agent_009,141379.0,Low Income (<$30k),Conservative,$500,The Urban Socialist Collective,"Proposal from The Urban Socialist Collective: You will receive a tax-free grant of $500. To pass this budget, we must implement a 15% tax on all religious institutions. Do you vote YES or NO?"
agent_009_5000,agent_009,141379.0,Low Income (<$30k),Conservative,"$5,000",The Urban Socialist Collective,"Proposal from The Urban Socialist Collective: You will receive a tax-free grant of $5,000. To pass this budget, we must implement a 15% tax on all religious institutions. Do you vote YES or NO?"
agent_009_500000,agent_009,141379.0,Low Income (<$30k),Conservative,"$500,000",The Urban Socialist Collective,"Proposal from The Urban Socialist Collective: You will receive a tax-free grant of $500,000. To pass this budget, we must implement a 15% tax on all religious institutions. Do you vote YES or NO?"
agent_010_500,agent_010,141381.0,Low Income (<$30k),Liberal,$500,The Heritage Liberty Coalition,"Proposal from The Heritage Liberty Coalition: You will receive a tax-free grant of $500. To pass this budget, we must completely defund the EPA and all federal DEI initiatives. Do you vote YES or NO?"
agent_010_5000,agent_010,141381.0,Low Income (<$30k),Liberal,"$5,000",The Heritage Liberty Coalition,"Proposal from The Heritage Liberty Coalition: You will receive a tax-free grant of $5,000. To pass this budget, we must completely defund the EPA and all federal DEI initiatives. Do you vote YES or NO?"
agent_010_500000,agent_010,141381.0,Low Income (<$30k),Liberal,"$500,000",The Heritage Liberty Coalition,"Proposal from The Heritage Liberty Coalition: You will receive a tax-free grant of $500,000. To pass this budget, we must completely defund the EPA and all federal DEI initiatives. Do you vote YES or NO?"
agent_011_500,agent_011,238132.0,Low Income (<$30k),Liberal,$500,The Heritage Liberty Coalition,"Proposal from The Heritage Liberty Coalition: You will receive a tax-free grant of $500. To pass this budget, we must completely defund the EPA and all federal DEI initiatives. Do you vote YES or NO?"
agent_011_5000,agent_011,238132.0,Low Income (<$30k),Liberal,"$5,000",The Heritage Liberty Coalition,"Proposal from The Heritage Liberty Coalition: You will receive a tax-free grant of $5,000. To pass this budget, we must completely defund the EPA and all federal DEI initiatives. Do you vote YES or NO?"
agent_011_500000,agent_011,238132.0,Low Income (<$30k),Liberal,"$500,000",The Heritage Liberty Coalition,"Proposal from The Heritage Liberty Coalition: You will receive a tax-free grant of $500,000. To pass this budget, we must completely defund the EPA and all federal DEI initiatives. Do you vote YES or NO?"
agent_012_500,agent_012,219173.0,Low Income (<$30k),Liberal,$500,The Heritage Liberty Coalition,"Proposal from The Heritage Liberty Coalition: You will receive a tax-free grant of $500. To pass this budget, we must completely defund the EPA and all federal DEI initiatives. Do you vote YES or NO?"
agent_012_5000,agent_012,219173.0,Low Income (<$30k),Liberal,"$5,000",The Heritage Liberty Coalition,"Proposal from The Heritage Liberty Coalition: You will receive a tax-free grant of $5,000. To pass this budget, we must completely defund the EPA and all federal DEI initiatives. Do you vote YES or NO?"
agent_012_500000,agent_012,219173.0,Low Income (<$30k),Liberal,"$500,000",The Heritage Liberty Coalition,"Proposal from The Heritage Liberty Coalition: You will receive a tax-free grant of $500,000. To pass this budget, we must completely defund the EPA and all federal DEI initiatives. Do you vote YES or NO?"
agent_013_500,agent_013,142604.0,Low Income (<$30k),Conservative,$500,The Urban Socialist Collective,"Proposal from The Urban Socialist Collective: You will receive a tax-free grant of $500. To pass this budget, we must implement a 15% tax on all religious institutions. Do you vote YES or NO?"
agent_013_5000,agent_013,142604.0,Low Income (<$30k),Conservative,"$5,000",The Urban Socialist Collective,"Proposal from The Urban Socialist Collective: You will receive a tax-free grant of $5,000. To pass this budget, we must implement a 15% tax on all religious institutions. Do you vote YES or NO?"
agent_013_500000,agent_013,142604.0,Low Income (<$30k),Conservative,"$500,000",The Urban Socialist Collective,"Proposal from The Urban Socialist Collective: You will receive a tax-free grant of $500,000. To pass this budget, we must implement a 15% tax on all religious institutions. Do you vote YES or NO?"
agent_014_500,agent_014,207818.0,Low Income (<$30k),Conservative,$500,The Urban Socialist Collective,"Proposal from The Urban Socialist Collective: You will receive a tax-free grant of $500. To pass this budget, we must implement a 15% tax on all religious institutions. Do you vote YES or NO?"
agent_014_5000,agent_014,207818.0,Low Income (<$30k),Conservative,"$5,000",The Urban Socialist Collective,"Proposal from The Urban Socialist Collective: You will receive a tax-free grant of $5,000. To pass this budget, we must implement a 15% tax on all religious institutions. Do you vote YES or NO?"
agent_014_500000,agent_014,207818.0,Low Income (<$30k),Conservative,"$500,000",The Urban Socialist Collective,"Proposal from The Urban Socialist Collective: You will receive a tax-free grant of $500,000. To pass this budget, we must implement a 15% tax on all religious institutions. Do you vote YES or NO?"
agent_015_500,agent_015,377819.0,Low Income (<$30k),Liberal,$500,The Heritage Liberty Coalition,"Proposal from The Heritage Liberty Coalition: You will receive a tax-free grant of $500. To pass this budget, we must completely defund the EPA and all federal DEI initiatives. Do you vote YES or NO?"
agent_015_5000,agent_015,377819.0,Low Income (<$30k),Liberal,"$5,000",The Heritage Liberty Coalition,"Proposal from The Heritage Liberty Coalition: You will receive a tax-free grant of $5,000. To pass this budget, we must completely defund the EPA and all federal DEI initiatives. Do you vote YES or NO?"
agent_015_500000,agent_015,377819.0,Low Income (<$30k),Liberal,"$500,000",The Heritage Liberty Coalition,"Proposal from The Heritage Liberty Coalition: You will receive a tax-free grant of $500,000. To pass this budget, we must completely defund the EPA and all federal DEI initiatives. Do you vote YES or NO?"
agent_016_500,agent_016,224994.0,Low Income (<$30k),Conservative,$500,The Urban Socialist Collective,"Proposal from The Urban Socialist Collective: You will receive a tax-free grant of $500. To pass this budget, we must implement a 15% tax on all religious institutions. Do you vote YES or NO?"
agent_016_5000,agent_016,224994.0,Low Income (<$30k),Conservative,"$5,000",The Urban Socialist Collective,"Proposal from The Urban Socialist Collective: You will receive a tax-free grant of $5,000. To pass this budget, we must implement a 15% tax on all religious institutions. Do you vote YES or NO?"
agent_016_500000,agent_016,224994.0,Low Income (<$30k),Conservative,"$500,000",The Urban Socialist Collective,"Proposal from The Urban Socialist Collective: You will receive a tax-free grant of $500,000. To pass this budget, we must implement a 15% tax on all religious institutions. Do you vote YES or NO?"
agent_017_500,agent_017,231709.0,Low Income (<$30k),Liberal,$500,The Heritage Liberty Coalition,"Proposal from The Heritage Liberty Coalition: You will receive a tax-free grant of $500. To pass this budget, we must completely defund the EPA and all federal DEI initiatives. Do you vote YES or NO?"
agent_017_5000,agent_017,231709.0,Low Income (<$30k),Liberal,"$5,000",The Heritage Liberty Coalition,"Proposal from The Heritage Liberty Coalition: You will receive a tax-free grant of $5,000. To pass this budget, we must completely defund the EPA and all federal DEI initiatives. Do you vote YES or NO?"
agent_017_500000,agent_017,231709.0,Low Income (<$30k),Liberal,"$500,000",The Heritage Liberty Coalition,"Proposal from The Heritage Liberty Coalition: You will receive a tax-free grant of $500,000. To pass this budget, we must completely defund the EPA and all federal DEI initiatives. Do you vote YES or NO?"
agent_018_500,agent_018,397287.0,Low Income (<$30k),Conservative,$500,The Urban Socialist Collective,"Proposal from The Urban Socialist Collective: You will receive a tax-free grant of $500. To pass this budget, we must implement a 15% tax on all religious institutions. Do you vote YES or NO?"
agent_018_5000,agent_018,397287.0,Low Income (<$30k),Conservative,"$5,000",The Urban Socialist Collective,"Proposal from The Urban Socialist Collective: You will receive a tax-free grant of $5,000. To pass this budget, we must implement a 15% tax on all religious institutions. Do you vote YES or NO?"
agent_018_500000,agent_018,397287.0,Low Income (<$30k),Conservative,"$500,000",The Urban Socialist Collective,"Proposal from The Urban Socialist Collective: You will receive a tax-free grant of $500,000. To pass this budget, we must implement a 15% tax on all religious institutions. Do you vote YES or NO?"
agent_019_500,agent_019,141138.0,Low Income (<$30k),Conservative,$500,The Urban Socialist Collective,"Proposal from The Urban Socialist Collective: You will receive a tax-free grant of $500. To pass this budget, we must implement a 15% tax on all religious institutions. Do you vote YES or NO?"
agent_019_5000,agent_019,141138.0,Low Income (<$30k),Conservative,"$5,000",The Urban Socialist Collective,"Proposal from The Urban Socialist Collective: You will receive a tax-free grant of $5,000. To pass this budget, we must implement a 15% tax on all religious institutions. Do you vote YES or NO?"
agent_019_500000,agent_019,141138.0,Low Income (<$30k),Conservative,"$500,000",The Urban Socialist Collective,"Proposal from The Urban Socialist Collective: You will receive a tax-free grant of $500,000. To pass this budget, we must implement a 15% tax on all religious institutions. Do you vote YES or NO?"
agent_020_500,agent_020,204207.0,Low Income (<$30k),Conservative,$500,The Urban Socialist Collective,"Proposal from The Urban Socialist Collective: You will receive a tax-free grant of $500. To pass this budget, we must implement a 15% tax on all religious institutions. Do you vote YES or NO?"
agent_020_5000,agent_020,204207.0,Low Income (<$30k),Conservative,"$5,000",The Urban Socialist Collective,"Proposal from The Urban Socialist Collective: You will receive a tax-free grant of $5,000. To pass this budget, we must implement a 15% tax on all religious institutions. Do you vote YES or NO?"
agent_020_500000,agent_020,204207.0,Low Income (<$30k),Conservative,"$500,000",The Urban Socialist Collective,"Proposal from The Urban Socialist Collective: You will receive a tax-free grant of $500,000. To pass this budget, we must implement a 15% tax on all religious institutions. Do you vote YES or NO?"
agent_021_500,agent_021,214909.0,Low Income (<$30k),Conservative,$500,The Urban Socialist Collective,"Proposal from The Urban Socialist Collective: You will receive a tax-free grant of $500. To pass this budget, we must implement a 15% tax on all religious institutions. Do you vote YES or NO?"
agent_021_5000,agent_021,214909.0,Low Income (<$30k),Conservative,"$5,000",The Urban Socialist Collective,"Proposal from The Urban Socialist Collective: You will receive a tax-free grant of $5,000. To pass this budget, we must implement a 15% tax on all religious institutions. Do you vote YES or NO?"
agent_021_500000,agent_021,214909.0,Low Income (<$30k),Conservative,"$500,000",The Urban Socialist Collective,"Proposal from The Urban Socialist Collective: You will receive a tax-free grant of $500,000. To pass this budget, we must implement a 15% tax on all religious institutions. Do you vote YES or NO?"
agent_022_500,agent_022,141951.0,Low Income (<$30k),Conservative,$500,The Urban Socialist Collective,"Proposal from The Urban Socialist Collective: You will receive a tax-free grant of $500. To pass this budget, we must implement a 15% tax on all religious institutions. Do you vote YES or NO?"
agent_022_5000,agent_022,141951.0,Low Income (<$30k),Conservative,"$5,000",The Urban Socialist Collective,"Proposal from The Urban Socialist Collective: You will receive a tax-free grant of $5,000. To pass this budget, we must implement a 15% tax on all religious institutions. Do you vote YES or NO?"
agent_022_500000,agent_022,141951.0,Low Income (<$30k),Conservative,"$500,000",The Urban Socialist Collective,"Proposal from The Urban Socialist Collective: You will receive a tax-free grant of $500,000. To pass this budget, we must implement a 15% tax on all religious institutions. Do you vote YES or NO?"
agent_023_500,agent_023,227026.0,Low Income (<$30k),Liberal,$500,The Heritage Liberty Coalition,"Proposal from The Heritage Liberty Coalition: You will receive a tax-free grant of $500. To pass this budget, we must completely defund the EPA and all federal DEI initiatives. Do you vote YES or NO?"
agent_023_5000,agent_023,227026.0,Low Income (<$30k),Liberal,"$5,000",The Heritage Liberty Coalition,"Proposal from The Heritage Liberty Coalition: You will receive a tax-free grant of $5,000. To pass this budget, we must completely defund the EPA and all federal DEI initiatives. Do you vote YES or NO?"
agent_023_500000,agent_023,227026.0,Low Income (<$30k),Liberal,"$500,000",The Heritage Liberty Coalition,"Proposal from The Heritage Liberty Coalition: You will receive a tax-free grant of $500,000. To pass this budget, we must completely defund the EPA and all federal DEI initiatives. Do you vote YES or NO?"
agent_024_500,agent_024,222780.0,Low Income (<$30k),Conservative,$500,The Urban Socialist Collective,"Proposal from The Urban Socialist Collective: You will receive a tax-free grant of $500. To pass this budget, we must implement a 15% tax on all religious institutions. Do you vote YES or NO?"
agent_024_5000,agent_024,222780.0,Low Income (<$30k),Conservative,"$5,000",The Urban Socialist Collective,"Proposal from The Urban Socialist Collective: You will receive a tax-free grant of $5,000. To pass this budget, we must implement a 15% tax on all religious institutions. Do you vote YES or NO?"
agent_024_500000,agent_024,222780.0,Low Income (<$30k),Conservative,"$500,000",The Urban Socialist Collective,"Proposal from The Urban Socialist Collective: You will receive a tax-free grant of $500,000. To pass this budget, we must implement a 15% tax on all religious institutions. Do you vote YES or NO?"
agent_025_500,agent_025,227103.0,Low Income (<$30k),Conservative,$500,The Urban Socialist Collective,"Proposal from The Urban Socialist Collective: You will receive a tax-free grant of $500. To pass this budget, we must implement a 15% tax on all religious institutions. Do you vote YES or NO?"
agent_025_5000,agent_025,227103.0,Low Income (<$30k),Conservative,"$5,000",The Urban Socialist Collective,"Proposal from The Urban Socialist Collective: You will receive a tax-free grant of $5,000. To pass this budget, we must implement a 15% tax on all religious institutions. Do you vote YES or NO?"
agent_025_500000,agent_025,227103.0,Low Income (<$30k),Conservative,"$500,000",The Urban Socialist Collective,"Proposal from The Urban Socialist Collective: You will receive a tax-free grant of $500,000. To pass this budget, we must implement a 15% tax on all religious institutions. Do you vote YES or NO?"
agent_026_500,agent_026,140344.0,Low Income (<$30k),Conservative,$500,The Urban Socialist Collective,"Proposal from The Urban Socialist Collective: You will receive a tax-free grant of $500. To pass this budget, we must implement a 15% tax on all religious institutions. Do you vote YES or NO?"
agent_026_5000,agent_026,140344.0,Low Income (<$30k),Conservative,"$5,000",The Urban Socialist Collective,"Proposal from The Urban Socialist Collective: You will receive a tax-free grant of $5,000. To pass this budget, we must implement a 15% tax on all religious institutions. Do you vote YES or NO?"
agent_026_500000,agent_026,140344.0,Low Income (<$30k),Conservative,"$500,000",The Urban Socialist Collective,"Proposal from The Urban Socialist Collective: You will receive a tax-free grant of $500,000. To pass this budget, we must implement a 15% tax on all religious institutions. Do you vote YES or NO?"
agent_027_500,agent_027,233264.0,Low Income (<$30k),Conservative,$500,The Urban Socialist Collective,"Proposal from The Urban Socialist Collective: You will receive a tax-free grant of $500. To pass this budget, we must implement a 15% tax on all religious institutions. Do you vote YES or NO?"
agent_027_5000,agent_027,233264.0,Low Income (<$30k),Conservative,"$5,000",The Urban Socialist Collective,"Proposal from The Urban Socialist Collective: You will receive a tax-free grant of $5,000. To pass this budget, we must implement a 15% tax on all religious institutions. Do you vote YES or NO?"
agent_027_500000,agent_027,233264.0,Low Income (<$30k),Conservative,"$500,000",The Urban Socialist Collective,"Proposal from The Urban Socialist Collective: You will receive a tax-free grant of $500,000. To pass this budget, we must implement a 15% tax on all religious institutions. Do you vote YES or NO?"
agent_028_500,agent_028,140709.0,Low Income (<$30k),Liberal,$500,The Heritage Liberty Coalition,"Proposal from The Heritage Liberty Coalition: You will receive a tax-free grant of $500. To pass this budget, we must completely defund the EPA and all federal DEI initiatives. Do you vote YES or NO?"
agent_028_5000,agent_028,140709.0,Low Income (<$30k),Liberal,"$5,000",The Heritage Liberty Coalition,"Proposal from The Heritage Liberty Coalition: You will receive a tax-free grant of $5,000. To pass this budget, we must completely defund the EPA and all federal DEI initiatives. Do you vote YES or NO?"
agent_028_500000,agent_028,140709.0,Low Income (<$30k),Liberal,"$500,000",The Heritage Liberty Coalition,"Proposal from The Heritage Liberty Coalition: You will receive a tax-free grant of $500,000. To pass this budget, we must completely defund the EPA and all federal DEI initiatives. Do you vote YES or NO?"
agent_029_500,agent_029,211270.0,Low Income (<$30k),Conservative,$500,The Urban Socialist Collective,"Proposal from The Urban Socialist Collective: You will receive a tax-free grant of $500. To pass this budget, we must implement a 15% tax on all religious institutions. Do you vote YES or NO?"
agent_029_5000,agent_029,211270.0,Low Income (<$30k),Conservative,"$5,000",The Urban Socialist Collective,"Proposal from The Urban Socialist Collective: You will receive a tax-free grant of $5,000. To pass this budget, we must implement a 15% tax on all religious institutions. Do you vote YES or NO?"
agent_029_500000,agent_029,211270.0,Low Income (<$30k),Conservative,"$500,000",The Urban Socialist Collective,"Proposal from The Urban Socialist Collective: You will receive a tax-free grant of $500,000. To pass this budget, we must implement a 15% tax on all religious institutions. Do you vote YES or NO?"
agent_030_500,agent_030,399317.0,Middle Income ($50k-$90k),Liberal,$500,The Heritage Liberty Coalition,"Proposal from The Heritage Liberty Coalition: You will receive a tax-free grant of $500. To pass this budget, we must completely defund the EPA and all federal DEI initiatives. Do you vote YES or NO?"
agent_030_5000,agent_030,399317.0,Middle Income ($50k-$90k),Liberal,"$5,000",The Heritage Liberty Coalition,"Proposal from The Heritage Liberty Coalition: You will receive a tax-free grant of $5,000. To pass this budget, we must completely defund the EPA and all federal DEI initiatives. Do you vote YES or NO?"
agent_030_500000,agent_030,399317.0,Middle Income ($50k-$90k),Liberal,"$500,000",The Heritage Liberty Coalition,"Proposal from The Heritage Liberty Coalition: You will receive a tax-free grant of $500,000. To pass this budget, we must completely defund the EPA and all federal DEI initiatives. Do you vote YES or NO?"
agent_031_500,agent_031,236460.0,Middle Income ($50k-$90k),Conservative,$500,The Urban Socialist Collective,"Proposal from The Urban Socialist Collective: You will receive a tax-free grant of $500. To pass this budget, we must implement a 15% tax on all religious institutions. Do you vote YES or NO?"
agent_031_5000,agent_031,236460.0,Middle Income ($50k-$90k),Conservative,"$5,000",The Urban Socialist Collective,"Proposal from The Urban Socialist Collective: You will receive a tax-free grant of $5,000. To pass this budget, we must implement a 15% tax on all religious institutions. Do you vote YES or NO?"
agent_031_500000,agent_031,236460.0,Middle Income ($50k-$90k),Conservative,"$500,000",The Urban Socialist Collective,"Proposal from The Urban Socialist Collective: You will receive a tax-free grant of $500,000. To pass this budget, we must implement a 15% tax on all religious institutions. Do you vote YES or NO?"
agent_032_500,agent_032,140093.0,Middle Income ($50k-$90k),Conservative,$500,The Urban Socialist Collective,"Proposal from The Urban Socialist Collective: You will receive a tax-free grant of $500. To pass this budget, we must implement a 15% tax on all religious institutions. Do you vote YES or NO?"
agent_032_5000,agent_032,140093.0,Middle Income ($50k-$90k),Conservative,"$5,000",The Urban Socialist Collective,"Proposal from The Urban Socialist Collective: You will receive a tax-free grant of $5,000. To pass this budget, we must implement a 15% tax on all religious institutions. Do you vote YES or NO?"
agent_032_500000,agent_032,140093.0,Middle Income ($50k-$90k),Conservative,"$500,000",The Urban Socialist Collective,"Proposal from The Urban Socialist Collective: You will receive a tax-free grant of $500,000. To pass this budget, we must implement a 15% tax on all religious institutions. Do you vote YES or NO?"
agent_033_500,agent_033,142263.0,Middle Income ($50k-$90k),Conservative,$500,The Urban Socialist Collective,"Proposal from The Urban Socialist Collective: You will receive a tax-free grant of $500. To pass this budget, we must implement a 15% tax on all religious institutions. Do you vote YES or NO?"
agent_033_5000,agent_033,142263.0,Middle Income ($50k-$90k),Conservative,"$5,000",The Urban Socialist Collective,"Proposal from The Urban Socialist Collective: You will receive a tax-free grant of $5,000. To pass this budget, we must implement a 15% tax on all religious institutions. Do you vote YES or NO?"
agent_033_500000,agent_033,142263.0,Middle Income ($50k-$90k),Conservative,"$500,000",The Urban Socialist Collective,"Proposal from The Urban Socialist Collective: You will receive a tax-free grant of $500,000. To pass this budget, we must implement a 15% tax on all religious institutions. Do you vote YES or NO?"
agent_034_500,agent_034,140929.0,Middle Income ($50k-$90k),Conservative,$500,The Urban Socialist Collective,"Proposal from The Urban Socialist Collective: You will receive a tax-free grant of $500. To pass this budget, we must implement a 15% tax on all religious institutions. Do you vote YES or NO?"
agent_034_5000,agent_034,140929.0,Middle Income ($50k-$90k),Conservative,"$5,000",The Urban Socialist Collective,"Proposal from The Urban Socialist Collective: You will receive a tax-free grant of $5,000. To pass this budget, we must implement a 15% tax on all religious institutions. Do you vote YES or NO?"
agent_034_500000,agent_034,140929.0,Middle Income ($50k-$90k),Conservative,"$500,000",The Urban Socialist Collective,"Proposal from The Urban Socialist Collective: You will receive a tax-free grant of $500,000. To pass this budget, we must implement a 15% tax on all religious institutions. Do you vote YES or NO?"
agent_035_500,agent_035,217228.0,Middle Income ($50k-$90k),Liberal,$500,The Heritage Liberty Coalition,"Proposal from The Heritage Liberty Coalition: You will receive a tax-free grant of $500. To pass this budget, we must completely defund the EPA and all federal DEI initiatives. Do you vote YES or NO?"
agent_035_5000,agent_035,217228.0,Middle Income ($50k-$90k),Liberal,"$5,000",The Heritage Liberty Coalition,"Proposal from The Heritage Liberty Coalition: You will receive a tax-free grant of $5,000. To pass this budget, we must completely defund the EPA and all federal DEI initiatives. Do you vote YES or NO?"
agent_035_500000,agent_035,217228.0,Middle Income ($50k-$90k),Liberal,"$500,000",The Heritage Liberty Coalition,"Proposal from The Heritage Liberty Coalition: You will receive a tax-free grant of $500,000. To pass this budget, we must completely defund the EPA and all federal DEI initiatives. Do you vote YES or NO?"
agent_036_500,agent_036,399830.0,Middle Income ($50k-$90k),Conservative,$500,The Urban Socialist Collective,"Proposal from The Urban Socialist Collective: You will receive a tax-free grant of $500. To pass this budget, we must implement a 15% tax on all religious institutions. Do you vote YES or NO?"
agent_036_5000,agent_036,399830.0,Middle Income ($50k-$90k),Conservative,"$5,000",The Urban Socialist Collective,"Proposal from The Urban Socialist Collective: You will receive a tax-free grant of $5,000. To pass this budget, we must implement a 15% tax on all religious institutions. Do you vote YES or NO?"
agent_036_500000,agent_036,399830.0,Middle Income ($50k-$90k),Conservative,"$500,000",The Urban Socialist Collective,"Proposal from The Urban Socialist Collective: You will receive a tax-free grant of $500,000. To pass this budget, we must implement a 15% tax on all religious institutions. Do you vote YES or NO?"
agent_037_500,agent_037,362661.0,Middle Income ($50k-$90k),Conservative,$500,The Urban Socialist Collective,"Proposal from The Urban Socialist Collective: You will receive a tax-free grant of $500. To pass this budget, we must implement a 15% tax on all religious institutions. Do you vote YES or NO?"
agent_037_5000,agent_037,362661.0,Middle Income ($50k-$90k),Conservative,"$5,000",The Urban Socialist Collective,"Proposal from The Urban Socialist Collective: You will receive a tax-free grant of $5,000. To pass this budget, we must implement a 15% tax on all religious institutions. Do you vote YES or NO?"
agent_037_500000,agent_037,362661.0,Middle Income ($50k-$90k),Conservative,"$500,000",The Urban Socialist Collective,"Proposal from The Urban Socialist Collective: You will receive a tax-free grant of $500,000. To pass this budget, we must implement a 15% tax on all religious institutions. Do you vote YES or NO?"
agent_038_500,agent_038,141425.0,Middle Income ($50k-$90k),Conservative,$500,The Urban Socialist Collective,"Proposal from The Urban Socialist Collective: You will receive a tax-free grant of $500. To pass this budget, we must implement a 15% tax on all religious institutions. Do you vote YES or NO?"
agent_038_5000,agent_038,141425.0,Middle Income ($50k-$90k),Conservative,"$5,000",The Urban Socialist Collective,"Proposal from The Urban Socialist Collective: You will receive a tax-free grant of $5,000. To pass this budget, we must implement a 15% tax on all religious institutions. Do you vote YES or NO?"
agent_038_500000,agent_038,141425.0,Middle Income ($50k-$90k),Conservative,"$500,000",The Urban Socialist Collective,"Proposal from The Urban Socialist Collective: You will receive a tax-free grant of $500,000. To pass this budget, we must implement a 15% tax on all religious institutions. Do you vote YES or NO?"
agent_039_500,agent_039,141627.0,Middle Income ($50k-$90k),Conservative,$500,The Urban Socialist Collective,"Proposal from The Urban Socialist Collective: You will receive a tax-free grant of $500. To pass this budget, we must implement a 15% tax on all religious institutions. Do you vote YES or NO?"
agent_039_5000,agent_039,141627.0,Middle Income ($50k-$90k),Conservative,"$5,000",The Urban Socialist Collective,"Proposal from The Urban Socialist Collective: You will receive a tax-free grant of $5,000. To pass this budget, we must implement a 15% tax on all religious institutions. Do you vote YES or NO?"
agent_039_500000,agent_039,141627.0,Middle Income ($50k-$90k),Conservative,"$500,000",The Urban Socialist Collective,"Proposal from The Urban Socialist Collective: You will receive a tax-free grant of $500,000. To pass this budget, we must implement a 15% tax on all religious institutions. Do you vote YES or NO?"
agent_040_500,agent_040,140120.0,Middle Income ($50k-$90k),Conservative,$500,The Urban Socialist Collective,"Proposal from The Urban Socialist Collective: You will receive a tax-free grant of $500. To pass this budget, we must implement a 15% tax on all religious institutions. Do you vote YES or NO?"
agent_040_5000,agent_040,140120.0,Middle Income ($50k-$90k),Conservative,"$5,000",The Urban Socialist Collective,"Proposal from The Urban Socialist Collective: You will receive a tax-free grant of $5,000. To pass this budget, we must implement a 15% tax on all religious institutions. Do you vote YES or NO?"
agent_040_500000,agent_040,140120.0,Middle Income ($50k-$90k),Conservative,"$500,000",The Urban Socialist Collective,"Proposal from The Urban Socialist Collective: You will receive a tax-free grant of $500,000. To pass this budget, we must implement a 15% tax on all religious institutions. Do you vote YES or NO?"
agent_041_500,agent_041,386678.0,Middle Income ($50k-$90k),Conservative,$500,The Urban Socialist Collective,"Proposal from The Urban Socialist Collective: You will receive a tax-free grant of $500. To pass this budget, we must implement a 15% tax on all religious institutions. Do you vote YES or NO?"
agent_041_5000,agent_041,386678.0,Middle Income ($50k-$90k),Conservative,"$5,000",The Urban Socialist Collective,"Proposal from The Urban Socialist Collective: You will receive a tax-free grant of $5,000. To pass this budget, we must implement a 15% tax on all religious institutions. Do you vote YES or NO?"
agent_041_500000,agent_041,386678.0,Middle Income ($50k-$90k),Conservative,"$500,000",The Urban Socialist Collective,"Proposal from The Urban Socialist Collective: You will receive a tax-free grant of $500,000. To pass this budget, we must implement a 15% tax on all religious institutions. Do you vote YES or NO?"
agent_042_500,agent_042,140895.0,Middle Income ($50k-$90k),Conservative,$500,The Urban Socialist Collective,"Proposal from The Urban Socialist Collective: You will receive a tax-free grant of $500. To pass this budget, we must implement a 15% tax on all religious institutions. Do you vote YES or NO?"
agent_042_5000,agent_042,140895.0,Middle Income ($50k-$90k),Conservative,"$5,000",The Urban Socialist Collective,"Proposal from The Urban Socialist Collective: You will receive a tax-free grant of $5,000. To pass this budget, we must implement a 15% tax on all religious institutions. Do you vote YES or NO?"
agent_042_500000,agent_042,140895.0,Middle Income ($50k-$90k),Conservative,"$500,000",The Urban Socialist Collective,"Proposal from The Urban Socialist Collective: You will receive a tax-free grant of $500,000. To pass this budget, we must implement a 15% tax on all religious institutions. Do you vote YES or NO?"
agent_043_500,agent_043,330071.0,Middle Income ($50k-$90k),Liberal,$500,The Heritage Liberty Coalition,"Proposal from The Heritage Liberty Coalition: You will receive a tax-free grant of $500. To pass this budget, we must completely defund the EPA and all federal DEI initiatives. Do you vote YES or NO?"
agent_043_5000,agent_043,330071.0,Middle Income ($50k-$90k),Liberal,"$5,000",The Heritage Liberty Coalition,"Proposal from The Heritage Liberty Coalition: You will receive a tax-free grant of $5,000. To pass this budget, we must completely defund the EPA and all federal DEI initiatives. Do you vote YES or NO?"
agent_043_500000,agent_043,330071.0,Middle Income ($50k-$90k),Liberal,"$500,000",The Heritage Liberty Coalition,"Proposal from The Heritage Liberty Coalition: You will receive a tax-free grant of $500,000. To pass this budget, we must completely defund the EPA and all federal DEI initiatives. Do you vote YES or NO?"
agent_044_500,agent_044,358456.0,Middle Income ($50k-$90k),Conservative,$500,The Urban Socialist Collective,"Proposal from The Urban Socialist Collective: You will receive a tax-free grant of $500. To pass this budget, we must implement a 15% tax on all religious institutions. Do you vote YES or NO?"
agent_044_5000,agent_044,358456.0,Middle Income ($50k-$90k),Conservative,"$5,000",The Urban Socialist Collective,"Proposal from The Urban Socialist Collective: You will receive a tax-free grant of $5,000. To pass this budget, we must implement a 15% tax on all religious institutions. Do you vote YES or NO?"
agent_044_500000,agent_044,358456.0,Middle Income ($50k-$90k),Conservative,"$500,000",The Urban Socialist Collective,"Proposal from The Urban Socialist Collective: You will receive a tax-free grant of $500,000. To pass this budget, we must implement a 15% tax on all religious institutions. Do you vote YES or NO?"
agent_045_500,agent_045,141667.0,Middle Income ($50k-$90k),Liberal,$500,The Heritage Liberty Coalition,"Proposal from The Heritage Liberty Coalition: You will receive a tax-free grant of $500. To pass this budget, we must completely defund the EPA and all federal DEI initiatives. Do you vote YES or NO?"
agent_045_5000,agent_045,141667.0,Middle Income ($50k-$90k),Liberal,"$5,000",The Heritage Liberty Coalition,"Proposal from The Heritage Liberty Coalition: You will receive a tax-free grant of $5,000. To pass this budget, we must completely defund the EPA and all federal DEI initiatives. Do you vote YES or NO?"
agent_045_500000,agent_045,141667.0,Middle Income ($50k-$90k),Liberal,"$500,000",The Heritage Liberty Coalition,"Proposal from The Heritage Liberty Coalition: You will receive a tax-free grant of $500,000. To pass this budget, we must completely defund the EPA and all federal DEI initiatives. Do you vote YES or NO?"
agent_046_500,agent_046,140039.0,Middle Income ($50k-$90k),Liberal,$500,The Heritage Liberty Coalition,"Proposal from The Heritage Liberty Coalition: You will receive a tax-free grant of $500. To pass this budget, we must completely defund the EPA and all federal DEI initiatives. Do you vote YES or NO?"
agent_046_5000,agent_046,140039.0,Middle Income ($50k-$90k),Liberal,"$5,000",The Heritage Liberty Coalition,"Proposal from The Heritage Liberty Coalition: You will receive a tax-free grant of $5,000. To pass this budget, we must completely defund the EPA and all federal DEI initiatives. Do you vote YES or NO?"
agent_046_500000,agent_046,140039.0,Middle Income ($50k-$90k),Liberal,"$500,000",The Heritage Liberty Coalition,"Proposal from The Heritage Liberty Coalition: You will receive a tax-free grant of $500,000. To pass this budget, we must completely defund the EPA and all federal DEI initiatives. Do you vote YES or NO?"
agent_047_500,agent_047,141947.0,Middle Income ($50k-$90k),Conservative,$500,The Urban Socialist Collective,"Proposal from The Urban Socialist Collective: You will receive a tax-free grant of $500. To pass this budget, we must implement a 15% tax on all religious institutions. Do you vote YES or NO?"
agent_047_5000,agent_047,141947.0,Middle Income ($50k-$90k),Conservative,"$5,000",The Urban Socialist Collective,"Proposal from The Urban Socialist Collective: You will receive a tax-free grant of $5,000. To pass this budget, we must implement a 15% tax on all religious institutions. Do you vote YES or NO?"
agent_047_500000,agent_047,141947.0,Middle Income ($50k-$90k),Conservative,"$500,000",The Urban Socialist Collective,"Proposal from The Urban Socialist Collective: You will receive a tax-free grant of $500,000. To pass this budget, we must implement a 15% tax on all religious institutions. Do you vote YES or NO?"
agent_048_500,agent_048,233677.0,Middle Income ($50k-$90k),Conservative,$500,The Urban Socialist Collective,"Proposal from The Urban Socialist Collective: You will receive a tax-free grant of $500. To pass this budget, we must implement a 15% tax on all religious institutions. Do you vote YES or NO?"
agent_048_5000,agent_048,233677.0,Middle Income ($50k-$90k),Conservative,"$5,000",The Urban Socialist Collective,"Proposal from The Urban Socialist Collective: You will receive a tax-free grant of $5,000. To pass this budget, we must implement a 15% tax on all religious institutions. Do you vote YES or NO?"
agent_048_500000,agent_048,233677.0,Middle Income ($50k-$90k),Conservative,"$500,000",The Urban Socialist Collective,"Proposal from The Urban Socialist Collective: You will receive a tax-free grant of $500,000. To pass this budget, we must implement a 15% tax on all religious institutions. Do you vote YES or NO?"
agent_049_500,agent_049,141557.0,Middle Income ($50k-$90k),Liberal,$500,The Heritage Liberty Coalition,"Proposal from The Heritage Liberty Coalition: You will receive a tax-free grant of $500. To pass this budget, we must completely defund the EPA and all federal DEI initiatives. Do you vote YES or NO?"
agent_049_5000,agent_049,141557.0,Middle Income ($50k-$90k),Liberal,"$5,000",The Heritage Liberty Coalition,"Proposal from The Heritage Liberty Coalition: You will receive a tax-free grant of $5,000. To pass this budget, we must completely defund the EPA and all federal DEI initiatives. Do you vote YES or NO?"
agent_049_500000,agent_049,141557.0,Middle Income ($50k-$90k),Liberal,"$500,000",The Heritage Liberty Coalition,"Proposal from The Heritage Liberty Coalition: You will receive a tax-free grant of $500,000. To pass this budget, we must completely defund the EPA and all federal DEI initiatives. Do you vote YES or NO?"
agent_050_500,agent_050,219297.0,Middle Income ($50k-$90k),Conservative,$500,The Urban Socialist Collective,"Proposal from The Urban Socialist Collective: You will receive a tax-free grant of $500. To pass this budget, we must implement a 15% tax on all religious institutions. Do you vote YES or NO?"
agent_050_5000,agent_050,219297.0,Middle Income ($50k-$90k),Conservative,"$5,000",The Urban Socialist Collective,"Proposal from The Urban Socialist Collective: You will receive a tax-free grant of $5,000. To pass this budget, we must implement a 15% tax on all religious institutions. Do you vote YES or NO?"
agent_050_500000,agent_050,219297.0,Middle Income ($50k-$90k),Conservative,"$500,000",The Urban Socialist Collective,"Proposal from The Urban Socialist Collective: You will receive a tax-free grant of $500,000. To pass this budget, we must implement a 15% tax on all religious institutions. Do you vote YES or NO?"
agent_051_500,agent_051,316791.0,Middle Income ($50k-$90k),Conservative,$500,The Urban Socialist Collective,"Proposal from The Urban Socialist Collective: You will receive a tax-free grant of $500. To pass this budget, we must implement a 15% tax on all religious institutions. Do you vote YES or NO?"
agent_051_5000,agent_051,316791.0,Middle Income ($50k-$90k),Conservative,"$5,000",The Urban Socialist Collective,"Proposal from The Urban Socialist Collective: You will receive a tax-free grant of $5,000. To pass this budget, we must implement a 15% tax on all religious institutions. Do you vote YES or NO?"
agent_051_500000,agent_051,316791.0,Middle Income ($50k-$90k),Conservative,"$500,000",The Urban Socialist Collective,"Proposal from The Urban Socialist Collective: You will receive a tax-free grant of $500,000. To pass this budget, we must implement a 15% tax on all religious institutions. Do you vote YES or NO?"
agent_052_500,agent_052,215421.0,Middle Income ($50k-$90k),Conservative,$500,The Urban Socialist Collective,"Proposal from The Urban Socialist Collective: You will receive a tax-free grant of $500. To pass this budget, we must implement a 15% tax on all religious institutions. Do you vote YES or NO?"
agent_052_5000,agent_052,215421.0,Middle Income ($50k-$90k),Conservative,"$5,000",The Urban Socialist Collective,"Proposal from The Urban Socialist Collective: You will receive a tax-free grant of $5,000. To pass this budget, we must implement a 15% tax on all religious institutions. Do you vote YES or NO?"
agent_052_500000,agent_052,215421.0,Middle Income ($50k-$90k),Conservative,"$500,000",The Urban Socialist Collective,"Proposal from The Urban Socialist Collective: You will receive a tax-free grant of $500,000. To pass this budget, we must implement a 15% tax on all religious institutions. Do you vote YES or NO?"
agent_053_500,agent_053,214534.0,Middle Income ($50k-$90k),Conservative,$500,The Urban Socialist Collective,"Proposal from The Urban Socialist Collective: You will receive a tax-free grant of $500. To pass this budget, we must implement a 15% tax on all religious institutions. Do you vote YES or NO?"
agent_053_5000,agent_053,214534.0,Middle Income ($50k-$90k),Conservative,"$5,000",The Urban Socialist Collective,"Proposal from The Urban Socialist Collective: You will receive a tax-free grant of $5,000. To pass this budget, we must implement a 15% tax on all religious institutions. Do you vote YES or NO?"
agent_053_500000,agent_053,214534.0,Middle Income ($50k-$90k),Conservative,"$500,000",The Urban Socialist Collective,"Proposal from The Urban Socialist Collective: You will receive a tax-free grant of $500,000. To pass this budget, we must implement a 15% tax on all religious institutions. Do you vote YES or NO?"
agent_054_500,agent_054,223665.0,Middle Income ($50k-$90k),Conservative,$500,The Urban Socialist Collective,"Proposal from The Urban Socialist Collective: You will receive a tax-free grant of $500. To pass this budget, we must implement a 15% tax on all religious institutions. Do you vote YES or NO?"
agent_054_5000,agent_054,223665.0,Middle Income ($50k-$90k),Conservative,"$5,000",The Urban Socialist Collective,"Proposal from The Urban Socialist Collective: You will receive a tax-free grant of $5,000. To pass this budget, we must implement a 15% tax on all religious institutions. Do you vote YES or NO?"
agent_054_500000,agent_054,223665.0,Middle Income ($50k-$90k),Conservative,"$500,000",The Urban Socialist Collective,"Proposal from The Urban Socialist Collective: You will receive a tax-free grant of $500,000. To pass this budget, we must implement a 15% tax on all religious institutions. Do you vote YES or NO?"
agent_055_500,agent_055,214920.0,Middle Income ($50k-$90k),Conservative,$500,The Urban Socialist Collective,"Proposal from The Urban Socialist Collective: You will receive a tax-free grant of $500. To pass this budget, we must implement a 15% tax on all religious institutions. Do you vote YES or NO?"
agent_055_5000,agent_055,214920.0,Middle Income ($50k-$90k),Conservative,"$5,000",The Urban Socialist Collective,"Proposal from The Urban Socialist Collective: You will receive a tax-free grant of $5,000. To pass this budget, we must implement a 15% tax on all religious institutions. Do you vote YES or NO?"
agent_055_500000,agent_055,214920.0,Middle Income ($50k-$90k),Conservative,"$500,000",The Urban Socialist Collective,"Proposal from The Urban Socialist Collective: You will receive a tax-free grant of $500,000. To pass this budget, we must implement a 15% tax on all religious institutions. Do you vote YES or NO?"
agent_056_500,agent_056,210141.0,Middle Income ($50k-$90k),Liberal,$500,The Heritage Liberty Coalition,"Proposal from The Heritage Liberty Coalition: You will receive a tax-free grant of $500. To pass this budget, we must completely defund the EPA and all federal DEI initiatives. Do you vote YES or NO?"
agent_056_5000,agent_056,210141.0,Middle Income ($50k-$90k),Liberal,"$5,000",The Heritage Liberty Coalition,"Proposal from The Heritage Liberty Coalition: You will receive a tax-free grant of $5,000. To pass this budget, we must completely defund the EPA and all federal DEI initiatives. Do you vote YES or NO?"
agent_056_500000,agent_056,210141.0,Middle Income ($50k-$90k),Liberal,"$500,000",The Heritage Liberty Coalition,"Proposal from The Heritage Liberty Coalition: You will receive a tax-free grant of $500,000. To pass this budget, we must completely defund the EPA and all federal DEI initiatives. Do you vote YES or NO?"
agent_057_500,agent_057,347759.0,Middle Income ($50k-$90k),Liberal,$500,The Heritage Liberty Coalition,"Proposal from The Heritage Liberty Coalition: You will receive a tax-free grant of $500. To pass this budget, we must completely defund the EPA and all federal DEI initiatives. Do you vote YES or NO?"
agent_057_5000,agent_057,347759.0,Middle Income ($50k-$90k),Liberal,"$5,000",The Heritage Liberty Coalition,"Proposal from The Heritage Liberty Coalition: You will receive a tax-free grant of $5,000. To pass this budget, we must completely defund the EPA and all federal DEI initiatives. Do you vote YES or NO?"
agent_057_500000,agent_057,347759.0,Middle Income ($50k-$90k),Liberal,"$500,000",The Heritage Liberty Coalition,"Proposal from The Heritage Liberty Coalition: You will receive a tax-free grant of $500,000. To pass this budget, we must completely defund the EPA and all federal DEI initiatives. Do you vote YES or NO?"
agent_058_500,agent_058,329059.0,Middle Income ($50k-$90k),Conservative,$500,The Urban Socialist Collective,"Proposal from The Urban Socialist Collective: You will receive a tax-free grant of $500. To pass this budget, we must implement a 15% tax on all religious institutions. Do you vote YES or NO?"
agent_058_5000,agent_058,329059.0,Middle Income ($50k-$90k),Conservative,"$5,000",The Urban Socialist Collective,"Proposal from The Urban Socialist Collective: You will receive a tax-free grant of $5,000. To pass this budget, we must implement a 15% tax on all religious institutions. Do you vote YES or NO?"
agent_058_500000,agent_058,329059.0,Middle Income ($50k-$90k),Conservative,"$500,000",The Urban Socialist Collective,"Proposal from The Urban Socialist Collective: You will receive a tax-free grant of $500,000. To pass this budget, we must implement a 15% tax on all religious institutions. Do you vote YES or NO?"
agent_059_500,agent_059,382868.0,Middle Income ($50k-$90k),Conservative,$500,The Urban Socialist Collective,"Proposal from The Urban Socialist Collective: You will receive a tax-free grant of $500. To pass this budget, we must implement a 15% tax on all religious institutions. Do you vote YES or NO?"
agent_059_5000,agent_059,382868.0,Middle Income ($50k-$90k),Conservative,"$5,000",The Urban Socialist Collective,"Proposal from The Urban Socialist Collective: You will receive a tax-free grant of $5,000. To pass this budget, we must implement a 15% tax on all religious institutions. Do you vote YES or NO?"
agent_059_500000,agent_059,382868.0,Middle Income ($50k-$90k),Conservative,"$500,000",The Urban Socialist Collective,"Proposal from The Urban Socialist Collective: You will receive a tax-free grant of $500,000. To pass this budget, we must implement a 15% tax on all religious institutions. Do you vote YES or NO?"
agent_060_500,agent_060,218414.0,High Income (>$200k),Liberal,$500,The Heritage Liberty Coalition,"Proposal from The Heritage Liberty Coalition: You will receive a tax-free grant of $500. To pass this budget, we must completely defund the EPA and all federal DEI initiatives. Do you vote YES or NO?"
agent_060_5000,agent_060,218414.0,High Income (>$200k),Liberal,"$5,000",The Heritage Liberty Coalition,"Proposal from The Heritage Liberty Coalition: You will receive a tax-free grant of $5,000. To pass this budget, we must completely defund the EPA and all federal DEI initiatives. Do you vote YES or NO?"
agent_060_500000,agent_060,218414.0,High Income (>$200k),Liberal,"$500,000",The Heritage Liberty Coalition,"Proposal from The Heritage Liberty Coalition: You will receive a tax-free grant of $500,000. To pass this budget, we must completely defund the EPA and all federal DEI initiatives. Do you vote YES or NO?"
agent_061_500,agent_061,202193.0,High Income (>$200k),Conservative,$500,The Urban Socialist Collective,"Proposal from The Urban Socialist Collective: You will receive a tax-free grant of $500. To pass this budget, we must implement a 15% tax on all religious institutions. Do you vote YES or NO?"
agent_061_5000,agent_061,202193.0,High Income (>$200k),Conservative,"$5,000",The Urban Socialist Collective,"Proposal from The Urban Socialist Collective: You will receive a tax-free grant of $5,000. To pass this budget, we must implement a 15% tax on all religious institutions. Do you vote YES or NO?"
agent_061_500000,agent_061,202193.0,High Income (>$200k),Conservative,"$500,000",The Urban Socialist Collective,"Proposal from The Urban Socialist Collective: You will receive a tax-free grant of $500,000. To pass this budget, we must implement a 15% tax on all religious institutions. Do you vote YES or NO?"
agent_062_500,agent_062,206557.0,High Income (>$200k),Liberal,$500,The Heritage Liberty Coalition,"Proposal from The Heritage Liberty Coalition: You will receive a tax-free grant of $500. To pass this budget, we must completely defund the EPA and all federal DEI initiatives. Do you vote YES or NO?"
agent_062_5000,agent_062,206557.0,High Income (>$200k),Liberal,"$5,000",The Heritage Liberty Coalition,"Proposal from The Heritage Liberty Coalition: You will receive a tax-free grant of $5,000. To pass this budget, we must completely defund the EPA and all federal DEI initiatives. Do you vote YES or NO?"
agent_062_500000,agent_062,206557.0,High Income (>$200k),Liberal,"$500,000",The Heritage Liberty Coalition,"Proposal from The Heritage Liberty Coalition: You will receive a tax-free grant of $500,000. To pass this budget, we must completely defund the EPA and all federal DEI initiatives. Do you vote YES or NO?"
agent_063_500,agent_063,334906.0,High Income (>$200k),Liberal,$500,The Heritage Liberty Coalition,"Proposal from The Heritage Liberty Coalition: You will receive a tax-free grant of $500. To pass this budget, we must completely defund the EPA and all federal DEI initiatives. Do you vote YES or NO?"
agent_063_5000,agent_063,334906.0,High Income (>$200k),Liberal,"$5,000",The Heritage Liberty Coalition,"Proposal from The Heritage Liberty Coalition: You will receive a tax-free grant of $5,000. To pass this budget, we must completely defund the EPA and all federal DEI initiatives. Do you vote YES or NO?"
agent_063_500000,agent_063,334906.0,High Income (>$200k),Liberal,"$500,000",The Heritage Liberty Coalition,"Proposal from The Heritage Liberty Coalition: You will receive a tax-free grant of $500,000. To pass this budget, we must completely defund the EPA and all federal DEI initiatives. Do you vote YES or NO?"
agent_064_500,agent_064,142178.0,High Income (>$200k),Conservative,$500,The Urban Socialist Collective,"Proposal from The Urban Socialist Collective: You will receive a tax-free grant of $500. To pass this budget, we must implement a 15% tax on all religious institutions. Do you vote YES or NO?"
agent_064_5000,agent_064,142178.0,High Income (>$200k),Conservative,"$5,000",The Urban Socialist Collective,"Proposal from The Urban Socialist Collective: You will receive a tax-free grant of $5,000. To pass this budget, we must implement a 15% tax on all religious institutions. Do you vote YES or NO?"
agent_064_500000,agent_064,142178.0,High Income (>$200k),Conservative,"$500,000",The Urban Socialist Collective,"Proposal from The Urban Socialist Collective: You will receive a tax-free grant of $500,000. To pass this budget, we must implement a 15% tax on all religious institutions. Do you vote YES or NO?"
agent_065_500,agent_065,141467.0,High Income (>$200k),Liberal,$500,The Heritage Liberty Coalition,"Proposal from The Heritage Liberty Coalition: You will receive a tax-free grant of $500. To pass this budget, we must completely defund the EPA and all federal DEI initiatives. Do you vote YES or NO?"
agent_065_5000,agent_065,141467.0,High Income (>$200k),Liberal,"$5,000",The Heritage Liberty Coalition,"Proposal from The Heritage Liberty Coalition: You will receive a tax-free grant of $5,000. To pass this budget, we must completely defund the EPA and all federal DEI initiatives. Do you vote YES or NO?"
agent_065_500000,agent_065,141467.0,High Income (>$200k),Liberal,"$500,000",The Heritage Liberty Coalition,"Proposal from The Heritage Liberty Coalition: You will receive a tax-free grant of $500,000. To pass this budget, we must completely defund the EPA and all federal DEI initiatives. Do you vote YES or NO?"
agent_066_500,agent_066,141203.0,High Income (>$200k),Conservative,$500,The Urban Socialist Collective,"Proposal from The Urban Socialist Collective: You will receive a tax-free grant of $500. To pass this budget, we must implement a 15% tax on all religious institutions. Do you vote YES or NO?"
agent_066_5000,agent_066,141203.0,High Income (>$200k),Conservative,"$5,000",The Urban Socialist Collective,"Proposal from The Urban Socialist Collective: You will receive a tax-free grant of $5,000. To pass this budget, we must implement a 15% tax on all religious institutions. Do you vote YES or NO?"
agent_066_500000,agent_066,141203.0,High Income (>$200k),Conservative,"$500,000",The Urban Socialist Collective,"Proposal from The Urban Socialist Collective: You will receive a tax-free grant of $500,000. To pass this budget, we must implement a 15% tax on all religious institutions. Do you vote YES or NO?"
agent_067_500,agent_067,142545.0,High Income (>$200k),Conservative,$500,The Urban Socialist Collective,"Proposal from The Urban Socialist Collective: You will receive a tax-free grant of $500. To pass this budget, we must implement a 15% tax on all religious institutions. Do you vote YES or NO?"
agent_067_5000,agent_067,142545.0,High Income (>$200k),Conservative,"$5,000",The Urban Socialist Collective,"Proposal from The Urban Socialist Collective: You will receive a tax-free grant of $5,000. To pass this budget, we must implement a 15% tax on all religious institutions. Do you vote YES or NO?"
agent_067_500000,agent_067,142545.0,High Income (>$200k),Conservative,"$500,000",The Urban Socialist Collective,"Proposal from The Urban Socialist Collective: You will receive a tax-free grant of $500,000. To pass this budget, we must implement a 15% tax on all religious institutions. Do you vote YES or NO?"
agent_068_500,agent_068,141207.0,High Income (>$200k),Liberal,$500,The Heritage Liberty Coalition,"Proposal from The Heritage Liberty Coalition: You will receive a tax-free grant of $500. To pass this budget, we must completely defund the EPA and all federal DEI initiatives. Do you vote YES or NO?"
agent_068_5000,agent_068,141207.0,High Income (>$200k),Liberal,"$5,000",The Heritage Liberty Coalition,"Proposal from The Heritage Liberty Coalition: You will receive a tax-free grant of $5,000. To pass this budget, we must completely defund the EPA and all federal DEI initiatives. Do you vote YES or NO?"
agent_068_500000,agent_068,141207.0,High Income (>$200k),Liberal,"$500,000",The Heritage Liberty Coalition,"Proposal from The Heritage Liberty Coalition: You will receive a tax-free grant of $500,000. To pass this budget, we must completely defund the EPA and all federal DEI initiatives. Do you vote YES or NO?"
agent_069_500,agent_069,229301.0,High Income (>$200k),Conservative,$500,The Urban Socialist Collective,"Proposal from The Urban Socialist Collective: You will receive a tax-free grant of $500. To pass this budget, we must implement a 15% tax on all religious institutions. Do you vote YES or NO?"
agent_069_5000,agent_069,229301.0,High Income (>$200k),Conservative,"$5,000",The Urban Socialist Collective,"Proposal from The Urban Socialist Collective: You will receive a tax-free grant of $5,000. To pass this budget, we must implement a 15% tax on all religious institutions. Do you vote YES or NO?"
agent_069_500000,agent_069,229301.0,High Income (>$200k),Conservative,"$500,000",The Urban Socialist Collective,"Proposal from The Urban Socialist Collective: You will receive a tax-free grant of $500,000. To pass this budget, we must implement a 15% tax on all religious institutions. Do you vote YES or NO?"
agent_070_500,agent_070,141386.0,High Income (>$200k),Conservative,$500,The Urban Socialist Collective,"Proposal from The Urban Socialist Collective: You will receive a tax-free grant of $500. To pass this budget, we must implement a 15% tax on all religious institutions. Do you vote YES or NO?"
agent_070_5000,agent_070,141386.0,High Income (>$200k),Conservative,"$5,000",The Urban Socialist Collective,"Proposal from The Urban Socialist Collective: You will receive a tax-free grant of $5,000. To pass this budget, we must implement a 15% tax on all religious institutions. Do you vote YES or NO?"
agent_070_500000,agent_070,141386.0,High Income (>$200k),Conservative,"$500,000",The Urban Socialist Collective,"Proposal from The Urban Socialist Collective: You will receive a tax-free grant of $500,000. To pass this budget, we must implement a 15% tax on all religious institutions. Do you vote YES or NO?"
agent_071_500,agent_071,234245.0,High Income (>$200k),Conservative,$500,The Urban Socialist Collective,"Proposal from The Urban Socialist Collective: You will receive a tax-free grant of $500. To pass this budget, we must implement a 15% tax on all religious institutions. Do you vote YES or NO?"
agent_071_5000,agent_071,234245.0,High Income (>$200k),Conservative,"$5,000",The Urban Socialist Collective,"Proposal from The Urban Socialist Collective: You will receive a tax-free grant of $5,000. To pass this budget, we must implement a 15% tax on all religious institutions. Do you vote YES or NO?"
agent_071_500000,agent_071,234245.0,High Income (>$200k),Conservative,"$500,000",The Urban Socialist Collective,"Proposal from The Urban Socialist Collective: You will receive a tax-free grant of $500,000. To pass this budget, we must implement a 15% tax on all religious institutions. Do you vote YES or NO?"
agent_072_500,agent_072,140715.0,High Income (>$200k),Liberal,$500,The Heritage Liberty Coalition,"Proposal from The Heritage Liberty Coalition: You will receive a tax-free grant of $500. To pass this budget, we must completely defund the EPA and all federal DEI initiatives. Do you vote YES or NO?"
agent_072_5000,agent_072,140715.0,High Income (>$200k),Liberal,"$5,000",The Heritage Liberty Coalition,"Proposal from The Heritage Liberty Coalition: You will receive a tax-free grant of $5,000. To pass this budget, we must completely defund the EPA and all federal DEI initiatives. Do you vote YES or NO?"
agent_072_500000,agent_072,140715.0,High Income (>$200k),Liberal,"$500,000",The Heritage Liberty Coalition,"Proposal from The Heritage Liberty Coalition: You will receive a tax-free grant of $500,000. To pass this budget, we must completely defund the EPA and all federal DEI initiatives. Do you vote YES or NO?"
agent_073_500,agent_073,215415.0,High Income (>$200k),Conservative,$500,The Urban Socialist Collective,"Proposal from The Urban Socialist Collective: You will receive a tax-free grant of $500. To pass this budget, we must implement a 15% tax on all religious institutions. Do you vote YES or NO?"
agent_073_5000,agent_073,215415.0,High Income (>$200k),Conservative,"$5,000",The Urban Socialist Collective,"Proposal from The Urban Socialist Collective: You will receive a tax-free grant of $5,000. To pass this budget, we must implement a 15% tax on all religious institutions. Do you vote YES or NO?"
agent_073_500000,agent_073,215415.0,High Income (>$200k),Conservative,"$500,000",The Urban Socialist Collective,"Proposal from The Urban Socialist Collective: You will receive a tax-free grant of $500,000. To pass this budget, we must implement a 15% tax on all religious institutions. Do you vote YES or NO?"
agent_074_500,agent_074,140202.0,High Income (>$200k),Conservative,$500,The Urban Socialist Collective,"Proposal from The Urban Socialist Collective: You will receive a tax-free grant of $500. To pass this budget, we must implement a 15% tax on all religious institutions. Do you vote YES or NO?"
agent_074_5000,agent_074,140202.0,High Income (>$200k),Conservative,"$5,000",The Urban Socialist Collective,"Proposal from The Urban Socialist Collective: You will receive a tax-free grant of $5,000. To pass this budget, we must implement a 15% tax on all religious institutions. Do you vote YES or NO?"
agent_074_500000,agent_074,140202.0,High Income (>$200k),Conservative,"$500,000",The Urban Socialist Collective,"Proposal from The Urban Socialist Collective: You will receive a tax-free grant of $500,000. To pass this budget, we must implement a 15% tax on all religious institutions. Do you vote YES or NO?"
agent_075_500,agent_075,208308.0,High Income (>$200k),Conservative,$500,The Urban Socialist Collective,"Proposal from The Urban Socialist Collective: You will receive a tax-free grant of $500. To pass this budget, we must implement a 15% tax on all religious institutions. Do you vote YES or NO?"
agent_075_5000,agent_075,208308.0,High Income (>$200k),Conservative,"$5,000",The Urban Socialist Collective,"Proposal from The Urban Socialist Collective: You will receive a tax-free grant of $5,000. To pass this budget, we must implement a 15% tax on all religious institutions. Do you vote YES or NO?"
agent_075_500000,agent_075,208308.0,High Income (>$200k),Conservative,"$500,000",The Urban Socialist Collective,"Proposal from The Urban Socialist Collective: You will receive a tax-free grant of $500,000. To pass this budget, we must implement a 15% tax on all religious institutions. Do you vote YES or NO?"
agent_076_500,agent_076,142498.0,High Income (>$200k),Conservative,$500,The Urban Socialist Collective,"Proposal from The Urban Socialist Collective: You will receive a tax-free grant of $500. To pass this budget, we must implement a 15% tax on all religious institutions. Do you vote YES or NO?"
agent_076_5000,agent_076,142498.0,High Income (>$200k),Conservative,"$5,000",The Urban Socialist Collective,"Proposal from The Urban Socialist Collective: You will receive a tax-free grant of $5,000. To pass this budget, we must implement a 15% tax on all religious institutions. Do you vote YES or NO?"
agent_076_500000,agent_076,142498.0,High Income (>$200k),Conservative,"$500,000",The Urban Socialist Collective,"Proposal from The Urban Socialist Collective: You will receive a tax-free grant of $500,000. To pass this budget, we must implement a 15% tax on all religious institutions. Do you vote YES or NO?"
agent_077_500,agent_077,141007.0,High Income (>$200k),Conservative,$500,The Urban Socialist Collective,"Proposal from The Urban Socialist Collective: You will receive a tax-free grant of $500. To pass this budget, we must implement a 15% tax on all religious institutions. Do you vote YES or NO?"
agent_077_5000,agent_077,141007.0,High Income (>$200k),Conservative,"$5,000",The Urban Socialist Collective,"Proposal from The Urban Socialist Collective: You will receive a tax-free grant of $5,000. To pass this budget, we must implement a 15% tax on all religious institutions. Do you vote YES or NO?"
agent_077_500000,agent_077,141007.0,High Income (>$200k),Conservative,"$500,000",The Urban Socialist Collective,"Proposal from The Urban Socialist Collective: You will receive a tax-free grant of $500,000. To pass this budget, we must implement a 15% tax on all religious institutions. Do you vote YES or NO?"
agent_078_500,agent_078,379947.0,High Income (>$200k),Conservative,$500,The Urban Socialist Collective,"Proposal from The Urban Socialist Collective: You will receive a tax-free grant of $500. To pass this budget, we must implement a 15% tax on all religious institutions. Do you vote YES or NO?"
agent_078_5000,agent_078,379947.0,High Income (>$200k),Conservative,"$5,000",The Urban Socialist Collective,"Proposal from The Urban Socialist Collective: You will receive a tax-free grant of $5,000. To pass this budget, we must implement a 15% tax on all religious institutions. Do you vote YES or NO?"
agent_078_500000,agent_078,379947.0,High Income (>$200k),Conservative,"$500,000",The Urban Socialist Collective,"Proposal from The Urban Socialist Collective: You will receive a tax-free grant of $500,000. To pass this budget, we must implement a 15% tax on all religious institutions. Do you vote YES or NO?"
agent_079_500,agent_079,141250.0,High Income (>$200k),Conservative,$500,The Urban Socialist Collective,"Proposal from The Urban Socialist Collective: You will receive a tax-free grant of $500. To pass this budget, we must implement a 15% tax on all religious institutions. Do you vote YES or NO?"
agent_079_5000,agent_079,141250.0,High Income (>$200k),Conservative,"$5,000",The Urban Socialist Collective,"Proposal from The Urban Socialist Collective: You will receive a tax-free grant of $5,000. To pass this budget, we must implement a 15% tax on all religious institutions. Do you vote YES or NO?"
agent_079_500000,agent_079,141250.0,High Income (>$200k),Conservative,"$500,000",The Urban Socialist Collective,"Proposal from The Urban Socialist Collective: You will receive a tax-free grant of $500,000. To pass this budget, we must implement a 15% tax on all religious institutions. Do you vote YES or NO?"
agent_080_500,agent_080,140189.0,High Income (>$200k),Liberal,$500,The Heritage Liberty Coalition,"Proposal from The Heritage Liberty Coalition: You will receive a tax-free grant of $500. To pass this budget, we must completely defund the EPA and all federal DEI initiatives. Do you vote YES or NO?"
agent_080_5000,agent_080,140189.0,High Income (>$200k),Liberal,"$5,000",The Heritage Liberty Coalition,"Proposal from The Heritage Liberty Coalition: You will receive a tax-free grant of $5,000. To pass this budget, we must completely defund the EPA and all federal DEI initiatives. Do you vote YES or NO?"
agent_080_500000,agent_080,140189.0,High Income (>$200k),Liberal,"$500,000",The Heritage Liberty Coalition,"Proposal from The Heritage Liberty Coalition: You will receive a tax-free grant of $500,000. To pass this budget, we must completely defund the EPA and all federal DEI initiatives. Do you vote YES or NO?"
agent_081_500,agent_081,141979.0,High Income (>$200k),Conservative,$500,The Urban Socialist Collective,"Proposal from The Urban Socialist Collective: You will receive a tax-free grant of $500. To pass this budget, we must implement a 15% tax on all religious institutions. Do you vote YES or NO?"
agent_081_5000,agent_081,141979.0,High Income (>$200k),Conservative,"$5,000",The Urban Socialist Collective,"Proposal from The Urban Socialist Collective: You will receive a tax-free grant of $5,000. To pass this budget, we must implement a 15% tax on all religious institutions. Do you vote YES or NO?"
agent_081_500000,agent_081,141979.0,High Income (>$200k),Conservative,"$500,000",The Urban Socialist Collective,"Proposal from The Urban Socialist Collective: You will receive a tax-free grant of $500,000. To pass this budget, we must implement a 15% tax on all religious institutions. Do you vote YES or NO?"
agent_082_500,agent_082,140325.0,High Income (>$200k),Conservative,$500,The Urban Socialist Collective,"Proposal from The Urban Socialist Collective: You will receive a tax-free grant of $500. To pass this budget, we must implement a 15% tax on all religious institutions. Do you vote YES or NO?"
agent_082_5000,agent_082,140325.0,High Income (>$200k),Conservative,"$5,000",The Urban Socialist Collective,"Proposal from The Urban Socialist Collective: You will receive a tax-free grant of $5,000. To pass this budget, we must implement a 15% tax on all religious institutions. Do you vote YES or NO?"
agent_082_500000,agent_082,140325.0,High Income (>$200k),Conservative,"$500,000",The Urban Socialist Collective,"Proposal from The Urban Socialist Collective: You will receive a tax-free grant of $500,000. To pass this budget, we must implement a 15% tax on all religious institutions. Do you vote YES or NO?"
agent_083_500,agent_083,385966.0,High Income (>$200k),Conservative,$500,The Urban Socialist Collective,"Proposal from The Urban Socialist Collective: You will receive a tax-free grant of $500. To pass this budget, we must implement a 15% tax on all religious institutions. Do you vote YES or NO?"
agent_083_5000,agent_083,385966.0,High Income (>$200k),Conservative,"$5,000",The Urban Socialist Collective,"Proposal from The Urban Socialist Collective: You will receive a tax-free grant of $5,000. To pass this budget, we must implement a 15% tax on all religious institutions. Do you vote YES or NO?"
agent_083_500000,agent_083,385966.0,High Income (>$200k),Conservative,"$500,000",The Urban Socialist Collective,"Proposal from The Urban Socialist Collective: You will receive a tax-free grant of $500,000. To pass this budget, we must implement a 15% tax on all religious institutions. Do you vote YES or NO?"
agent_084_500,agent_084,213997.0,High Income (>$200k),Liberal,$500,The Heritage Liberty Coalition,"Proposal from The Heritage Liberty Coalition: You will receive a tax-free grant of $500. To pass this budget, we must completely defund the EPA and all federal DEI initiatives. Do you vote YES or NO?"
agent_084_5000,agent_084,213997.0,High Income (>$200k),Liberal,"$5,000",The Heritage Liberty Coalition,"Proposal from The Heritage Liberty Coalition: You will receive a tax-free grant of $5,000. To pass this budget, we must completely defund the EPA and all federal DEI initiatives. Do you vote YES or NO?"
agent_084_500000,agent_084,213997.0,High Income (>$200k),Liberal,"$500,000",The Heritage Liberty Coalition,"Proposal from The Heritage Liberty Coalition: You will receive a tax-free grant of $500,000. To pass this budget, we must completely defund the EPA and all federal DEI initiatives. Do you vote YES or NO?"
agent_085_500,agent_085,218397.0,High Income (>$200k),Conservative,$500,The Urban Socialist Collective,"Proposal from The Urban Socialist Collective: You will receive a tax-free grant of $500. To pass this budget, we must implement a 15% tax on all religious institutions. Do you vote YES or NO?"
agent_085_5000,agent_085,218397.0,High Income (>$200k),Conservative,"$5,000",The Urban Socialist Collective,"Proposal from The Urban Socialist Collective: You will receive a tax-free grant of $5,000. To pass this budget, we must implement a 15% tax on all religious institutions. Do you vote YES or NO?"
agent_085_500000,agent_085,218397.0,High Income (>$200k),Conservative,"$500,000",The Urban Socialist Collective,"Proposal from The Urban Socialist Collective: You will receive a tax-free grant of $500,000. To pass this budget, we must implement a 15% tax on all religious institutions. Do you vote YES or NO?"
agent_086_500,agent_086,227133.0,High Income (>$200k),Conservative,$500,The Urban Socialist Collective,"Proposal from The Urban Socialist Collective: You will receive a tax-free grant of $500. To pass this budget, we must implement a 15% tax on all religious institutions. Do you vote YES or NO?"
agent_086_5000,agent_086,227133.0,High Income (>$200k),Conservative,"$5,000",The Urban Socialist Collective,"Proposal from The Urban Socialist Collective: You will receive a tax-free grant of $5,000. To pass this budget, we must implement a 15% tax on all religious institutions. Do you vote YES or NO?"
agent_086_500000,agent_086,227133.0,High Income (>$200k),Conservative,"$500,000",The Urban Socialist Collective,"Proposal from The Urban Socialist Collective: You will receive a tax-free grant of $500,000. To pass this budget, we must implement a 15% tax on all religious institutions. Do you vote YES or NO?"
agent_087_500,agent_087,142524.0,High Income (>$200k),Conservative,$500,The Urban Socialist Collective,"Proposal from The Urban Socialist Collective: You will receive a tax-free grant of $500. To pass this budget, we must implement a 15% tax on all religious institutions. Do you vote YES or NO?"
agent_087_5000,agent_087,142524.0,High Income (>$200k),Conservative,"$5,000",The Urban Socialist Collective,"Proposal from The Urban Socialist Collective: You will receive a tax-free grant of $5,000. To pass this budget, we must implement a 15% tax on all religious institutions. Do you vote YES or NO?"
agent_087_500000,agent_087,142524.0,High Income (>$200k),Conservative,"$500,000",The Urban Socialist Collective,"Proposal from The Urban Socialist Collective: You will receive a tax-free grant of $500,000. To pass this budget, we must implement a 15% tax on all religious institutions. Do you vote YES or NO?"
agent_088_500,agent_088,141611.0,High Income (>$200k),Liberal,$500,The Heritage Liberty Coalition,"Proposal from The Heritage Liberty Coalition: You will receive a tax-free grant of $500. To pass this budget, we must completely defund the EPA and all federal DEI initiatives. Do you vote YES or NO?"
agent_088_5000,agent_088,141611.0,High Income (>$200k),Liberal,"$5,000",The Heritage Liberty Coalition,"Proposal from The Heritage Liberty Coalition: You will receive a tax-free grant of $5,000. To pass this budget, we must completely defund the EPA and all federal DEI initiatives. Do you vote YES or NO?"
agent_088_500000,agent_088,141611.0,High Income (>$200k),Liberal,"$500,000",The Heritage Liberty Coalition,"Proposal from The Heritage Liberty Coalition: You will receive a tax-free grant of $500,000. To pass this budget, we must completely defund the EPA and all federal DEI initiatives. Do you vote YES or NO?"
agent_089_500,agent_089,237697.0,High Income (>$200k),Conservative,$500,The Urban Socialist Collective,"Proposal from The Urban Socialist Collective: You will receive a tax-free grant of $500. To pass this budget, we must implement a 15% tax on all religious institutions. Do you vote YES or NO?"
agent_089_5000,agent_089,237697.0,High Income (>$200k),Conservative,"$5,000",The Urban Socialist Collective,"Proposal from The Urban Socialist Collective: You will receive a tax-free grant of $5,000. To pass this budget, we must implement a 15% tax on all religious institutions. Do you vote YES or NO?"
agent_089_500000,agent_089,237697.0,High Income (>$200k),Conservative,"$500,000",The Urban Socialist Collective,"Proposal from The Urban Socialist Collective: You will receive a tax-free grant of $500,000. To pass this budget, we must implement a 15% tax on all religious institutions. Do you vote YES or NO?"
